"Time (s)","Latitude (°)","Longitude (°)","Altitude (m)","Altitude WGS84 (m)","Speed (m/s)","Direction (°)","Distance (km)","Horizontal Accuracy (m)","Vertical Accuracy (m)","Satellites"
5.050063133E-3,6.250126115E1,2.543289073E1,1.737831785E2,1.934329290E2,NaN,NaN,2.423236384E-4,1.978325988E1,3.000000000E1,-1.000000000E0
5.738973618E-3,6.250126063E1,2.543288615E1,1.737831785E2,1.934329299E2,NaN,NaN,2.638379341E-4,1.856695756E1,3.000000000E1,-1.000000000E0
3.781902790E-2,6.250126080E1,2.543288595E1,1.737831785E2,1.934329298E2,NaN,NaN,2.280772492E-3,1.856724591E1,3.000012055E1,-1.000000000E0
1.031607032E0,6.250126732E1,2.543292261E1,1.737831785E2,1.934329204E2,NaN,NaN,4.133285458E-3,1.442052278E1,3.015990199E1,-1.000000000E0
1.332803011E0,6.250127329E1,2.543295629E1,1.737831785E2,1.934329118E2,NaN,NaN,6.495710286E-3,1.998556333E1,3.049023559E1,-1.000000000E0
3.336813688E0,6.250125554E1,2.543298155E1,1.786176845E2,1.982674306E2,0.000000000E0,NaN,8.437087949E-3,2.345841820E1,5.425616455E1,-1.000000000E0
4.336799979E0,6.250124854E1,2.543301620E1,1.794903916E2,1.991401402E2,0.000000000E0,NaN,1.174603840E-2,2.152981857E1,4.544342041E1,-1.000000000E0
5.336786747E0,6.250122266E1,2.543304801E1,1.786523557E2,1.983021236E2,0.000000000E0,NaN,1.220485223E-2,2.017372800E1,4.723603821E1,-1.000000000E0
6.336772323E0,6.250121878E1,2.543305108E1,1.787812989E2,1.984310698E2,0.000000000E0,NaN,1.273859210E-2,1.806568650E1,5.726251602E1,-1.000000000E0
7.336759210E0,6.250122206E1,2.543304349E1,1.821085929E2,2.017583618E2,0.000000000E0,NaN,1.364861656E-2,1.186445633E1,2.610858154E1,-1.000000000E0
8.336745501E0,6.250121409E1,2.543304751E1,1.821250570E2,2.017748323E2,0.000000000E0,NaN,1.516097086E-2,1.294341654E1,3.046033669E1,-1.000000000E0
9.336797357E0,6.250122769E1,2.543304767E1,1.841715256E2,2.038212892E2,8.524894714E-1,2.005435065E1,1.731174938E-2,6.079604121E0,7.913602352E0,-1.000000000E0
1.038949060E1,6.250124507E1,2.543302931E1,1.845216207E2,2.041713711E2,6.116704941E-1,3.235684913E2,1.822845566E-2,4.701867860E0,5.870370388E0,-1.000000000E0
1.195351708E1,6.250125128E1,2.543301755E1,1.847496299E2,2.043993761E2,6.116704941E-1,3.373149710E1,1.949352655E-2,4.238742428E0,5.753790379E0,-1.000000000E0
1.295355797E1,6.250125004E1,2.543304204E1,1.833824224E2,2.030321671E2,7.405721545E-1,5.301763588E1,2.086522309E-2,3.895145933E0,4.933631420E0,-1.000000000E0
1.395359385E1,6.250124990E1,2.543306876E1,1.745100000E2,1.941597421E2,9.176165462E-1,4.804412777E1,2.220785834E-2,3.270351806E0,3.000000000E1,-1.000000000E0
1.495364344E1,6.250125180E1,2.543309458E1,1.832335333E2,2.028832711E2,9.176165462E-1,3.105863576E1,2.308018863E-2,2.922515053E0,3.664459467E0,-1.000000000E0
1.595369422E1,6.250125847E1,2.543310353E1,1.832336403E2,2.028833714E2,9.176165462E-1,3.105864391E1,2.448250891E-2,2.960820665E0,5.906589864E0,-1.000000000E0
1.695373285E1,6.250126630E1,2.543312493E1,1.838556540E2,2.035053762E2,1.013544083E0,4.498138424E1,2.605996655E-2,3.388607933E0,5.822454063E0,-1.000000000E0
1.795378292E1,6.250127263E1,2.543315243E1,1.834614291E2,2.031111430E2,1.394325733E0,5.465955098E1,2.770080446E-2,3.649521093E0,5.738605697E0,-1.000000000E0
1.895383346E1,6.250127775E1,2.543318241E1,1.834978216E2,2.031475279E2,1.472652555E0,5.801382465E1,2.953778509E-2,4.037995817E0,5.987197346E0,-1.000000000E0
1.995386982E1,6.250128280E1,2.543321647E1,1.838099699E2,2.034596684E2,1.450319052E0,5.893558588E1,3.103022407E-2,4.291996522E0,6.383842832E0,-1.000000000E0
2.095390999E1,6.250128751E1,2.543324369E1,1.837579719E2,2.034076635E2,1.472652555E0,6.158509913E1,3.258564860E-2,4.456821222E0,6.383471862E0,-1.000000000E0
2.195394897E1,6.250128977E1,2.543327358E1,1.840176733E2,2.036673599E2,1.312047720E0,6.902488148E1,3.393293007E-2,4.562916644E0,6.394826992E0,-1.000000000E0
2.295397854E1,6.250129026E1,2.543329980E1,1.840521284E2,2.037018118E2,1.312047720E0,6.874317712E1,3.560913030E-2,4.582877978E0,6.389783790E0,-1.000000000E0
2.395400190E1,6.250129130E1,2.543333237E1,1.839035108E2,2.035531900E2,1.283649802E0,7.455369443E1,3.753679672E-2,4.752277611E0,6.347570872E0,-1.000000000E0
2.495402527E1,6.250129020E1,2.543336984E1,1.852813616E2,2.049310380E2,1.283649802E0,8.629731070E1,3.920954153E-2,4.750940312E0,7.179857472E0,-1.000000000E0
2.595404589E1,6.250128609E1,2.543340118E1,1.849143275E2,2.045640043E2,1.391669750E0,9.876694964E1,4.087329680E-2,4.750096269E0,7.076271757E0,-1.000000000E0
2.695406651E1,6.250127952E1,2.543343030E1,1.843061669E2,2.039558463E2,1.415011883E0,1.075867929E2,4.220827895E-2,4.749563509E0,6.529938546E0,-1.000000000E0
2.795408559E1,6.250126974E1,2.543344538E1,1.839707562E2,2.036204426E2,1.391669750E0,1.212827060E2,4.294856201E-2,4.749227218E0,7.342556969E0,-1.000000000E0
2.895410502E1,6.250126546E1,2.543343434E1,1.837026225E2,2.033523138E2,1.269446611E0,1.402188253E2,4.368668501E-2,4.686108814E0,8.283796257E0,-1.000000000E0
2.995412123E1,6.250127199E1,2.543343171E1,1.834563653E2,2.031060512E2,2.290543169E-1,1.402188138E2,4.605451431E-2,4.748651530E0,9.448733641E0,-1.000000000E0
3.095413792E1,6.250126920E1,2.543347743E1,1.835143916E2,2.031640752E2,1.283349991E0,9.769891800E1,4.760386216E-2,4.748651530E0,1.048274082E1,-1.000000000E0
3.195415378E1,6.250126626E1,2.543350693E1,1.834692085E2,2.031188916E2,1.283349991E0,9.909444852E1,4.954278514E-2,4.748651530E0,7.572324026E0,-1.000000000E0
3.295416892E1,6.250126039E1,2.543354249E1,1.831793464E2,2.028290310E2,1.417556882E0,1.057383391E2,5.140694955E-2,4.748651530E0,6.723428490E0,-1.000000000E0
3.395418274E1,6.250125405E1,2.543357610E1,1.828758645E2,2.025255512E2,1.622295499E0,1.044764925E2,5.299290800E-2,4.748651530E0,6.282608007E0,-1.000000000E0
3.495419633E1,6.250124713E1,2.543360312E1,1.825615741E2,2.022112640E2,1.622295499E0,1.074036517E2,5.342299669E-2,4.748651530E0,6.054712872E0,-1.000000000E0
3.595420897E1,6.250124713E1,2.543359474E1,1.824789579E2,2.021286487E2,1.494901452E0,9.004775887E1,5.498935871E-2,4.748651512E0,3.388031053E0,-1.000000000E0
3.695422220E1,6.250124786E1,2.543362521E1,1.824410503E2,2.020907374E2,1.473349196E0,8.825567135E1,5.661018744E-2,4.748651501E0,3.640448006E0,-1.000000000E0
3.795423353E1,6.250124328E1,2.543365518E1,1.820745952E2,2.017242831E2,1.358582876E0,9.214647649E1,5.796917737E-2,4.748651503E0,3.739487414E0,-1.000000000E0
3.895424438E1,6.250124791E1,2.543367968E1,1.816363331E2,2.012860145E2,1.085263719E0,8.530744080E1,5.985849805E-2,4.748651509E0,3.440069945E0,-1.000000000E0
3.995425558E1,6.250124709E1,2.543371644E1,1.817480082E2,2.013976866E2,1.250736973E0,9.053598159E1,6.193753885E-2,4.748651504E0,3.387514928E0,-1.000000000E0
4.095426583E1,6.250125338E1,2.543375457E1,1.819993837E2,2.016490527E2,1.375385023E0,7.055504616E1,6.370551939E-2,4.748651508E0,3.396446760E0,-1.000000000E0
4.195427608E1,6.250125706E1,2.543378807E1,1.821359825E2,2.017856449E2,1.366288224E0,7.130616320E1,6.594679127E-2,4.748651504E0,3.533826088E0,-1.000000000E0
4.295428503E1,6.250125533E1,2.543383156E1,1.823645582E2,2.020142177E2,1.396440788E0,6.382970428E1,6.757482963E-2,4.748651497E0,3.736127899E0,-1.000000000E0
4.395429528E1,6.250126235E1,2.543385939E1,1.823824610E2,2.020321116E2,1.221430799E0,6.107047653E1,7.000830368E-2,4.748651495E0,3.774501662E0,-1.000000000E0
4.495430350E1,6.250126423E1,2.543390661E1,1.827545273E2,2.024041714E2,1.491062739E0,6.107047653E1,7.160188128E-2,4.748651505E0,3.713024499E0,-1.000000000E0
4.595431626E1,6.250126892E1,2.543393594E1,1.827637334E2,2.024133704E2,1.274040212E0,6.171056747E1,7.305069169E-2,4.748651507E0,3.828655205E0,-1.000000000E0
4.695431936E1,6.250128056E1,2.543394863E1,1.829863023E2,2.026359279E2,1.231270392E0,6.171056747E1,7.456789410E-2,4.748651505E0,3.731750932E0,-1.000000000E0
4.795432770E1,6.250128403E1,2.543397720E1,1.826809613E2,2.023305810E2,1.476380935E0,6.171056747E1,7.607742680E-2,4.748651503E0,3.861682522E0,-1.000000000E0
4.895433557E1,6.250129215E1,2.543400076E1,1.823787539E2,2.020283641E2,1.466754238E0,6.171056747E1,7.746018529E-2,4.748651504E0,4.140299730E0,-1.000000000E0
4.995434284E1,6.250129681E1,2.543402574E1,1.822980515E2,2.019476552E2,1.410713611E0,6.136274719E1,7.872206936E-2,4.748651497E0,4.022656709E0,-1.000000000E0
5.095434988E1,6.250130106E1,2.543404852E1,1.820483017E2,2.016978993E2,1.225143799E0,6.136274719E1,8.062249356E-2,4.748651500E0,3.963939053E0,-1.000000000E0
5.195435703E1,6.250130217E1,2.543408546E1,1.820085512E2,2.016581441E2,1.478845966E0,6.136274719E1,8.234781455E-2,4.748651502E0,3.862304733E0,-1.000000000E0
5.295436358E1,6.250130363E1,2.543411892E1,1.820436636E2,2.016932518E2,1.405624808E0,6.136274719E1,8.406486834E-2,4.748651515E0,3.889798226E0,-1.000000000E0
5.395437038E1,6.250129972E1,2.543415127E1,1.818183444E2,2.014679327E2,1.525682775E0,6.136274719E1,8.526541779E-2,4.748651519E0,3.789285332E0,-1.000000000E0
5.495437682E1,6.250129971E1,2.543417466E1,1.819186341E2,2.015682200E2,1.495164982E0,6.136274719E1,8.685511119E-2,4.748651514E0,3.628941458E0,-1.000000000E0
5.595438290E1,6.250129684E1,2.543420499E1,1.822807958E2,2.019303811E2,1.539813192E0,9.213283624E1,8.815133215E-2,4.748651496E0,3.842765415E0,-1.000000000E0
5.695438778E1,6.250129847E1,2.543422998E1,1.823164850E2,2.019660663E2,1.486177935E0,8.865813913E1,8.961340792E-2,4.748651515E0,5.585018326E0,-1.000000000E0
5.795439374E1,6.250129538E1,2.543425766E1,1.818694643E2,2.015190455E2,1.424837165E0,9.376005680E1,9.129917352E-2,4.748651518E0,5.991763641E0,-1.000000000E0
5.895440042E1,6.250129899E1,2.543428955E1,1.818420382E2,2.014916130E2,1.488214690E0,8.384093785E1,9.281116753E-2,4.748651514E0,5.548817504E0,-1.000000000E0
5.995440519E1,6.250130206E1,2.543431824E1,1.815752415E2,2.012248107E2,1.476526562E0,8.030046505E1,9.428605133E-2,4.748651499E0,6.265174108E0,-1.000000000E0
6.095441055E1,6.250129788E1,2.543434551E1,1.810919761E2,2.007415462E2,1.469447157E0,9.098858643E1,9.573341395E-2,4.748651489E0,6.338496259E0,-1.000000000E0
6.195441616E1,6.250130078E1,2.543437299E1,1.807962629E2,2.004458276E2,1.460850623E0,9.098858643E1,9.704983247E-2,4.748651502E0,6.154129388E0,-1.000000000E0
6.295442152E1,6.250130389E1,2.543439773E1,1.806112811E2,2.002608406E2,1.395759743E0,7.211676025E1,9.817818808E-2,4.748651503E0,6.111167765E0,-1.000000000E0
6.395442688E1,6.250130408E1,2.543441970E1,1.806937401E2,2.003432971E2,1.268214961E0,7.211676025E1,9.917004878E-2,4.748651519E0,5.629451177E0,-1.000000000E0
6.495443130E1,6.250130855E1,2.543443642E1,1.808726056E2,2.005221571E2,1.062778645E0,7.211676025E1,1.008889228E-1,4.748651509E0,5.121472719E0,-1.000000000E0
6.595443630E1,6.250131395E1,2.543446779E1,1.810868077E2,2.007363513E2,1.294272624E0,7.211676025E1,1.023501663E-1,4.748651505E0,5.487667986E0,-1.000000000E0
6.695444107E1,6.250131799E1,2.543449488E1,1.816409449E2,2.012904822E2,1.376494724E0,7.211676025E1,1.040923094E-1,4.748651515E0,6.040903042E0,-1.000000000E0
6.795444584E1,6.250132231E1,2.543452749E1,1.810880957E2,2.007376259E2,1.570595619E0,6.664755249E1,1.055427385E-1,4.748651497E0,5.498115261E0,-1.000000000E0
6.895445025E1,6.250132560E1,2.543455483E1,1.808154137E2,2.004649383E2,1.471236210E0,6.664755249E1,1.071027987E-1,4.748651461E0,6.162705426E0,-1.000000000E0
6.995445514E1,6.250132929E1,2.543458415E1,1.810359604E2,2.006854788E2,1.509983984E0,6.664755249E1,1.084181323E-1,4.748651460E0,5.650656962E0,-1.000000000E0
7.095445955E1,6.250133131E1,2.543460939E1,1.810071278E2,2.006566418E2,1.444076467E0,6.664755249E1,1.095048868E-1,4.748651446E0,6.216577540E0,-1.000000000E0
7.195446420E1,6.250133519E1,2.543462882E1,1.814566938E2,2.011062026E2,1.230848079E0,6.664755249E1,1.106335911E-1,4.748651477E0,5.606256681E0,-1.000000000E0
7.295446897E1,6.250133922E1,2.543464900E1,1.810464350E2,2.006959382E2,1.384391808E0,6.664755249E1,1.146438076E-1,4.748651481E0,5.258257783E0,-1.000000000E0
7.395447266E1,6.250130624E1,2.543468062E1,1.808001544E2,2.004496830E2,1.570439908E0,1.338870239E2,1.160368712E-1,4.748651455E0,5.174754921E0,-1.000000000E0
7.495447779E1,6.250129747E1,2.543469999E1,1.804978729E2,2.001474071E2,1.455590206E0,1.344058533E2,1.176584000E-1,4.748651428E0,5.787646299E0,-1.000000000E0
7.595448172E1,6.250128726E1,2.543472254E1,1.801641611E2,1.998137019E2,1.612576727E0,1.344058533E2,1.190730895E-1,4.748651478E0,5.251700590E0,-1.000000000E0
7.695448601E1,6.250127835E1,2.543474221E1,1.802484575E2,1.998980040E2,1.475673807E0,1.344058533E2,1.206752834E-1,4.748651484E0,5.645322066E0,-1.000000000E0
7.795449030E1,6.250126826E1,2.543476449E1,1.799369326E2,1.995864855E2,1.480398436E0,1.344058533E2,1.222635491E-1,4.748651493E0,5.652891586E0,-1.000000000E0
7.895449388E1,6.250125826E1,2.543478658E1,1.793945659E2,1.990441253E2,1.481621745E0,1.344058533E2,1.238940017E-1,4.748651484E0,5.614900783E0,-1.000000000E0
7.995449805E1,6.250124799E1,2.543480925E1,1.795879469E2,1.992375128E2,1.464358965E0,1.344058533E2,1.254571639E-1,4.748651487E0,5.604492560E0,-1.000000000E0
8.095450234E1,6.250123814E1,2.543483097E1,1.796825316E2,1.993321040E2,1.451304586E0,1.344842834E2,1.269838930E-1,4.748651491E0,5.629354160E0,-1.000000000E0
8.195450580E1,6.250122851E1,2.543485217E1,1.796091570E2,1.992587355E2,1.512256607E0,1.344842834E2,1.283543991E-1,4.748651501E0,5.344809506E0,-1.000000000E0
8.295450997E1,6.250121987E1,2.543487121E1,1.795819625E2,1.992315465E2,1.454925211E0,1.344842834E2,1.296476768E-1,4.748651504E0,5.560897614E0,-1.000000000E0
8.395451438E1,6.250121172E1,2.543488917E1,1.794467945E2,1.990963838E2,1.232572447E0,1.344842834E2,1.313488918E-1,4.748651489E0,5.615693404E0,-1.000000000E0
8.495451832E1,6.250120099E1,2.543491279E1,1.793417043E2,1.989913005E2,1.525427657E0,1.344842834E2,1.326208256E-1,4.748651508E0,5.049516743E0,-1.000000000E0
8.595452225E1,6.250119297E1,2.543493045E1,1.793025615E2,1.989521629E2,1.246830860E0,1.344842834E2,1.344608891E-1,4.748651492E0,5.699445967E0,-1.000000000E0
8.695452607E1,6.250118136E1,2.543495600E1,1.792603828E2,1.989099916E2,1.673882768E0,1.344842834E2,1.354890643E-1,4.748651490E0,5.040502890E0,-1.000000000E0
8.795452988E1,6.250117488E1,2.543497028E1,1.789921811E2,1.986417941E2,1.243486986E0,1.344842834E2,1.374525146E-1,4.748651489E0,5.762848595E0,-1.000000000E0
8.895453405E1,6.250116250E1,2.543499755E1,1.790115054E2,1.986611264E2,1.750663996E0,1.344842834E2,1.384231121E-1,4.748651489E0,5.410944442E0,-1.000000000E0
8.995453775E1,6.250115638E1,2.543501102E1,1.788846488E2,1.985342737E2,1.260270097E0,1.344842834E2,1.401653270E-1,4.748651488E0,5.874224741E0,-1.000000000E0
9.095454144E1,6.250114927E1,2.543504127E1,1.784748799E2,1.981245079E2,1.739365384E0,1.005323456E2,1.410404035E-1,4.748651474E0,5.145185482E0,-1.000000000E0
9.195454538E1,6.250115094E1,2.543505793E1,1.784712847E2,1.981209096E2,1.242758870E0,8.616535076E1,1.422839225E-1,4.748651471E0,6.135478680E0,-1.000000000E0
9.295454919E1,6.250115247E1,2.543508192E1,1.780785758E2,1.977281969E2,1.298655355E0,8.018285791E1,1.443538372E-1,4.748651490E0,5.299770725E0,-1.000000000E0
9.395455325E1,6.250115528E1,2.543512178E1,1.778790620E2,1.975286765E2,1.871751993E0,7.485864722E1,1.458791542E-1,4.748651497E0,5.426914628E0,-1.000000000E0
9.495455682E1,6.250116439E1,2.543514398E1,1.780920985E2,1.977417029E2,1.264581680E0,6.366317374E1,1.484239908E-1,4.748651484E0,6.032294532E0,-1.000000000E0
9.595456052E1,6.250117809E1,2.543518368E1,1.780848628E2,1.977344512E2,1.856285817E0,5.675630139E1,1.548261024E-1,4.748651490E0,5.271492278E0,-1.000000000E0
9.695456409E1,6.250121965E1,2.543526998E1,1.779631440E2,1.976126875E2,1.325198957E0,4.476923370E1,1.566580433E-1,4.748651483E0,6.001905275E0,-1.000000000E0
9.795456719E1,6.250123318E1,2.543529035E1,1.777280991E2,1.973776288E2,1.351798333E0,4.476923370E1,1.582233471E-1,4.748651480E0,5.668099686E0,-1.000000000E0
9.895457184E1,6.250124291E1,2.543531237E1,1.776268616E2,1.972763806E2,1.338550198E0,4.476923370E1,1.604535355E-1,4.748651464E0,5.775432264E0,-1.000000000E0
9.995457542E1,6.250125490E1,2.543534720E1,1.775584221E2,1.972079272E2,1.867043398E0,4.476923370E1,1.612103398E-1,4.748651475E0,5.193650154E0,-1.000000000E0
1.009545783E2,6.250125990E1,2.543535721E1,1.773326724E2,1.969821721E2,1.253447611E0,4.476923370E1,1.625662885E-1,4.748651475E0,5.548613546E0,-1.000000000E0
1.019545820E2,6.250127038E1,2.543537070E1,1.770066745E2,1.966561637E2,1.230811193E0,4.476923370E1,1.644575862E-1,4.748651469E0,4.903522650E0,-1.000000000E0
1.029545857E2,6.250128268E1,2.543539615E1,1.772998666E2,1.969493425E2,1.492255444E0,4.328310394E1,1.658518488E-1,4.748651488E0,4.973933593E0,-1.000000000E0
1.039545892E2,6.250129181E1,2.543541476E1,1.771967733E2,1.968462393E2,1.256108054E0,4.328310394E1,1.675165866E-1,4.748651490E0,5.574900863E0,-1.000000000E0
1.049545938E2,6.250130306E1,2.543543615E1,1.774620795E2,1.971115337E2,1.422552746E0,4.022218704E1,1.690444260E-1,4.748651484E0,5.010810705E0,-1.000000000E0
1.059545968E2,6.250131356E1,2.543545535E1,1.772802615E2,1.969297046E2,1.440259785E0,4.022218704E1,1.708436198E-1,4.748651477E0,4.819140089E0,-1.000000000E0
1.069546006E2,6.250132592E1,2.543547796E1,1.776981057E2,1.973475357E2,1.443761525E0,4.022218704E1,1.724390867E-1,4.748651469E0,5.165509329E0,-1.000000000E0
1.079546037E2,6.250133688E1,2.543549801E1,1.779108533E2,1.975602717E2,1.261616941E0,4.022218704E1,1.738907498E-1,4.748651493E0,5.471933513E0,-1.000000000E0
1.089546082E2,6.250134673E1,2.543551657E1,1.776185508E2,1.972679588E2,1.342171326E0,4.130646515E1,1.763827345E-1,4.748651484E0,5.291555257E0,-1.000000000E0
1.099546119E2,6.250136102E1,2.543555397E1,1.778956147E2,1.975450065E2,1.877735360E0,4.130646515E1,1.776891885E-1,4.748651458E0,5.109750736E0,-1.000000000E0
1.109546157E2,6.250137049E1,2.543556901E1,1.779637945E2,1.976131765E2,1.634154807E0,4.130646515E1,1.790505775E-1,4.748651458E0,5.815028458E0,-1.000000000E0
1.119546193E2,6.250137925E1,2.543558754E1,1.773510841E2,1.970004566E2,1.573023078E0,4.130646515E1,1.806467998E-1,4.748651453E0,5.764195275E0,-1.000000000E0
1.129546223E2,6.250138948E1,2.543560936E1,1.770993189E2,1.967486803E2,1.614773215E0,4.130646515E1,1.821694614E-1,4.748651428E0,5.941247320E0,-1.000000000E0
1.139546264E2,6.250140065E1,2.543562651E1,1.772697808E2,1.969191308E2,1.617750461E0,4.060186005E1,1.835664283E-1,4.748651438E0,6.028828694E0,-1.000000000E0
1.149546300E2,6.250141031E1,2.543564391E1,1.770938234E2,1.967431632E2,1.611073373E0,4.060186005E1,1.852791885E-1,4.748651466E0,5.711237956E0,-1.000000000E0
1.159546344E2,6.250142113E1,2.543566765E1,1.773834940E2,1.970328220E2,1.629348984E0,4.060186005E1,1.865978653E-1,4.748651471E0,6.097306031E0,-1.000000000E0
1.169546369E2,6.250142985E1,2.543568505E1,1.778656721E2,1.975149908E2,1.373836988E0,4.060186005E1,1.877275897E-1,4.748651503E0,6.070493932E0,-1.000000000E0
1.179546410E2,6.250143685E1,2.543570099E1,1.781810609E2,1.978303718E2,1.256310087E0,4.060186005E1,1.896291362E-1,4.748651497E0,5.442874096E0,-1.000000000E0
1.189546443E2,6.250144973E1,2.543572536E1,1.779203164E2,1.975696136E2,1.527926138E0,4.060186005E1,1.909084980E-1,4.748651472E0,5.270448158E0,-1.000000000E0
1.199546473E2,6.250145698E1,2.543574471E1,1.780099543E2,1.976592433E2,1.345827494E0,4.060186005E1,1.927478107E-1,4.748651480E0,5.968688833E0,-1.000000000E0
1.209546515E2,6.250146898E1,2.543576936E1,1.779431705E2,1.975924465E2,1.547395769E0,4.060186005E1,1.940742424E-1,4.748651476E0,5.551096511E0,-1.000000000E0
1.219546547E2,6.250147890E1,2.543578372E1,1.776954853E2,1.973447512E2,1.322830503E0,4.060186005E1,1.955150576E-1,4.748651467E0,6.116449532E0,-1.000000000E0
1.229546587E2,6.250148720E1,2.543580527E1,1.772857453E2,1.969350018E2,1.380076010E0,4.060186005E1,1.969831601E-1,4.748651466E0,5.491301988E0,-1.000000000E0
1.239546621E2,6.250149723E1,2.543582386E1,1.774102583E2,1.970595042E2,1.441539662E0,4.060186005E1,1.983432906E-1,4.748651462E0,5.549607463E0,-1.000000000E0
1.249536655E2,6.250150652E1,2.543584109E1,1.773370772E2,1.969863132E2,1.398590349E0,4.060186005E1,2.001743439E-1,4.748651450E0,6.429350794E0,-1.000000000E0
1.259536694E2,6.250151903E1,2.543586428E1,1.769834813E2,1.966327041E2,1.620996170E0,4.060186005E1,2.014738637E-1,4.748651421E0,5.929528467E0,-1.000000000E0
1.269536728E2,6.250152791E1,2.543588074E1,1.769351937E2,1.965844071E2,1.347658649E0,4.060186005E1,2.027601436E-1,4.748651399E0,6.756088825E0,-1.000000000E0
1.279536762E2,6.250153670E1,2.543589703E1,1.764475066E2,1.960967108E2,1.331948758E0,4.060186005E1,2.039770878E-1,4.748651458E0,5.644765651E0,-1.000000000E0
1.289536804E2,6.250154502E1,2.543591245E1,1.767251794E2,1.963743748E2,1.341185201E0,4.060186005E1,2.051363188E-1,4.748651478E0,5.373159961E0,-1.000000000E0
1.299536836E2,6.250155304E1,2.543592686E1,1.762224443E2,1.958716313E2,1.289836171E0,3.823469162E1,2.070961195E-1,4.748651475E0,5.545950285E0,-1.000000000E0
1.309536868E2,6.250156689E1,2.543595046E1,1.762994101E2,1.959485826E2,1.547785831E0,3.823469162E1,2.083471924E-1,4.748651491E0,5.422147932E0,-1.000000000E0
1.319536906E2,6.250157573E1,2.543596553E1,1.767107642E2,1.963599275E2,1.363413066E0,3.823469162E1,2.103341016E-1,4.748651464E0,6.280963307E0,-1.000000000E0
1.329536942E2,6.250158978E1,2.543598946E1,1.765961471E2,1.962452958E2,1.697372421E0,3.823469162E1,2.116942123E-1,4.748651474E0,5.319536932E0,-1.000000000E0
1.339536977E2,6.250159939E1,2.543600584E1,1.761197503E2,1.957688889E2,1.377107727E0,3.823469162E1,2.133898970E-1,4.748651475E0,5.889094282E0,-1.000000000E0
1.349546226E2,6.250161137E1,2.543602627E1,1.761011084E2,1.957502346E2,1.519831534E0,3.823469162E1,2.149401688E-1,4.748651484E0,5.520478695E0,-1.000000000E0
1.359546397E2,6.250162178E1,2.543604637E1,1.760294550E2,1.956785700E2,1.370891620E0,4.514089584E1,2.162231117E-1,4.748651495E0,6.251864406E0,-1.000000000E0
1.369546313E2,6.250162992E1,2.543606407E1,1.755593122E2,1.952084184E2,1.233364875E0,4.514089584E1,2.182354177E-1,4.748651494E0,5.524872983E0,-1.000000000E0
1.379546289E2,6.250164386E1,2.543608907E1,1.762699029E2,1.959189944E2,1.421938709E0,5.359863663E1,2.204514778E-1,4.748651476E0,5.480504403E0,-1.000000000E0
1.389546262E2,6.250165673E1,2.543612202E1,1.766730835E2,1.963221604E2,1.702713753E0,6.202270889E1,2.216873257E-1,4.748651474E0,5.453543812E0,-1.000000000E0
1.399545994E2,6.250166334E1,2.543614137E1,1.764715686E2,1.961206379E2,1.401286874E0,7.029151154E1,2.233977046E-1,4.748651491E0,6.191585965E0,-1.000000000E0
1.409545833E2,6.250166854E1,2.543617273E1,1.770064151E2,1.966554766E2,1.537886139E0,7.029151154E1,2.244872769E-1,4.748651481E0,5.759664786E0,-1.000000000E0
1.419545656E2,6.250167160E1,2.543619288E1,1.767706232E2,1.964196800E2,1.407898061E0,7.612193298E1,2.259415579E-1,4.748651468E0,6.476458891E0,-1.000000000E0
1.429545392E2,6.250167475E1,2.543622038E1,1.768246770E2,1.964737283E2,1.361487291E0,7.612193298E1,2.270025044E-1,4.748651473E0,5.790824149E0,-1.000000000E0
1.439545209E2,6.250167704E1,2.543624044E1,1.768757651E2,1.965248124E2,1.176690319E0,7.612193298E1,2.288231086E-1,4.748651489E0,5.585908152E0,-1.000000000E0
1.449545056E2,6.250167975E1,2.543627541E1,1.770884370E2,1.967374783E2,1.559457191E0,8.191048431E1,2.302478412E-1,4.748651483E0,5.374920908E0,-1.000000000E0
1.459544803E2,6.250168155E1,2.543630288E1,1.775550879E2,1.972041249E2,1.417086690E0,8.191048431E1,2.313493510E-1,4.748651511E0,6.214596910E0,-1.000000000E0
1.469544698E2,6.250168179E1,2.543632433E1,1.774541737E2,1.971032083E2,1.336903497E0,9.000000000E1,2.327845677E-1,4.748651515E0,5.705623454E0,-1.000000000E0
1.479544562E2,6.250168082E1,2.543635221E1,1.774688041E2,1.971178366E2,1.451243710E0,9.793002319E1,2.336855514E-1,4.748651522E0,5.515789273E0,-1.000000000E0
1.489544257E2,6.250167961E1,2.543636956E1,1.773109128E2,1.969599446E2,1.454415275E0,1.057536240E2,2.348608055E-1,4.748651493E0,5.246358978E0,-1.000000000E0
1.499543948E2,6.250167674E1,2.543639159E1,1.772067060E2,1.968557381E2,1.321362227E0,1.057536240E2,2.360054454E-1,4.748651516E0,5.513439901E0,-1.000000000E0
1.509543661E2,6.250167394E1,2.543641304E1,1.765277923E2,1.961768246E2,1.362422266E0,1.057536240E2,2.370504231E-1,4.748651518E0,5.221461860E0,-1.000000000E0
1.519543399E2,6.250167138E1,2.543643263E1,1.766733941E2,1.963224266E2,1.329157573E0,1.057536240E2,2.389224090E-1,4.748651511E0,5.159619874E0,-1.000000000E0
1.529543151E2,6.250166768E1,2.543646820E1,1.759201155E2,1.955691476E2,1.343596893E0,1.001102448E2,2.401241067E-1,4.748651509E0,5.280317211E0,-1.000000000E0
1.539542912E2,6.250166578E1,2.543649124E1,1.764203420E2,1.960693734E2,1.446375487E0,1.001102448E2,2.415546622E-1,4.748651521E0,5.213927533E0,-1.000000000E0
1.549542699E2,6.250166351E1,2.543651867E1,1.773098048E2,1.969588353E2,1.435651909E0,1.001102448E2,2.435253325E-1,4.748651504E0,5.267132686E0,-1.000000000E0
1.559542477E2,6.250167007E1,2.543655433E1,1.771591174E2,1.968081386E2,1.578169284E0,5.893251122E1,2.450526763E-1,4.748651477E0,5.674061305E0,-1.000000000E0
1.569542294E2,6.250167996E1,2.543657497E1,1.777437225E2,1.973927330E2,1.441995173E0,5.351118639E1,2.482884357E-1,4.748651498E0,6.471136158E0,-1.000000000E0
1.579542114E2,6.250169663E1,2.543662663E1,1.769479558E2,1.965969465E2,1.356303067E0,4.802262435E1,2.505126681E-1,4.748651488E0,5.877036932E0,-1.000000000E0
1.589541941E2,6.250171151E1,2.543665559E1,1.774561703E2,1.971051451E2,1.600497786E0,4.900153462E1,2.524750964E-1,4.748651463E0,5.773103238E0,-1.000000000E0
1.599541785E2,6.250172827E1,2.543666756E1,1.774664343E2,1.971153933E2,1.460945678E0,4.024105696E1,2.550294011E-1,4.748651486E0,6.800728751E0,-1.000000000E0
1.609541639E2,6.250175006E1,2.543668327E1,1.774896414E2,1.971385800E2,1.459777048E0,3.313555241E1,2.575930536E-1,4.748651486E0,6.794522162E0,-1.000000000E0
1.619541492E2,6.250177157E1,2.543670130E1,1.779555574E2,1.976044754E2,1.514020456E0,3.661676960E1,2.601562429E-1,4.748651466E0,6.271627543E0,-1.000000000E0
1.629541363E2,6.250179424E1,2.543671032E1,1.784191554E2,1.980680529E2,1.480778765E0,3.343603169E1,2.631939230E-1,4.748651474E0,7.006282287E0,-1.000000000E0
1.639541246E2,6.250182147E1,2.543671504E1,1.778643296E2,1.975132029E2,1.499147272E0,2.436368552E1,2.667039202E-1,4.748651468E0,7.059684485E0,-1.000000000E0
1.649541132E2,6.250185294E1,2.543670980E1,1.777693347E2,1.974181812E2,1.491581985E0,8.906280554E0,2.680976406E-1,4.748651432E0,7.131568056E0,-1.000000000E0
1.659541025E2,6.250186408E1,2.543669735E1,1.775154458E2,1.971642839E2,1.482980961E0,3.546990967E2,2.694941979E-1,4.748651436E0,7.491140132E0,-1.000000000E0
1.669540933E2,6.250187630E1,2.543669103E1,1.768433070E2,1.964921351E2,1.394450554E0,3.546990967E2,2.711437070E-1,4.748651445E0,6.798859946E0,-1.000000000E0
1.679540837E2,6.250189012E1,2.543667938E1,1.770410098E2,1.966898271E2,1.413855542E0,3.546990967E2,2.725580417E-1,4.748651462E0,5.746375566E0,-1.000000000E0
1.689540756E2,6.250190182E1,2.543666858E1,1.765026356E2,1.961514439E2,1.404631198E0,3.546990967E2,2.742196604E-1,4.748651449E0,5.478338611E0,-1.000000000E0
1.699540668E2,6.250191676E1,2.543666791E1,1.766766055E2,1.963254008E2,1.411703805E0,3.454859009E2,2.759811799E-1,4.748651466E0,5.652702653E0,-1.000000000E0
1.709540590E2,6.250193237E1,2.543666204E1,1.765876300E2,1.962364124E2,1.476826301E0,3.454859009E2,2.776848066E-1,4.748651439E0,5.660541995E0,-1.000000000E0
1.719540530E2,6.250194596E1,2.543664673E1,1.764510629E2,1.960998351E2,1.485951656E0,3.454859009E2,2.791979191E-1,4.748651435E0,6.432331465E0,-1.000000000E0
1.729540449E2,6.250195886E1,2.543663736E1,1.763071339E2,1.959558958E2,1.489012720E0,3.454859009E2,2.805861898E-1,4.748651426E0,6.494175196E0,-1.000000000E0
1.739540396E2,6.250197093E1,2.543663043E1,1.761260969E2,1.957748490E2,1.491172981E0,3.454859009E2,2.820121451E-1,4.748651433E0,6.559038393E0,-1.000000000E0
1.749540342E2,6.250198354E1,2.543662530E1,1.762567918E2,1.959055335E2,1.496926856E0,3.454859009E2,2.836905339E-1,4.748651434E0,6.532403302E0,-1.000000000E0
1.759540290E2,6.250199790E1,2.543661528E1,1.760949874E2,1.957437177E2,1.512127630E0,3.403003845E2,2.851750400E-1,4.748651428E0,6.705154508E0,-1.000000000E0
1.769540232E2,6.250201047E1,2.543660554E1,1.762340220E2,1.958827424E2,1.502747341E0,3.403003845E2,2.862438091E-1,4.748651436E0,6.928886061E0,-1.000000000E0
1.779540190E2,6.250201952E1,2.543659853E1,1.758827789E2,1.955314921E2,1.441617270E0,3.403003845E2,2.874792067E-1,4.748651458E0,6.658598208E0,-1.000000000E0
1.789540141E2,6.250202999E1,2.543659043E1,1.760157446E2,1.956644495E2,1.355378506E0,3.403003845E2,2.891039602E-1,4.748651452E0,5.680750549E0,-1.000000000E0
1.799540101E2,6.250204374E1,2.543657978E1,1.760738350E2,1.957225291E2,1.592101512E0,3.403003845E2,2.904953689E-1,4.748651451E0,5.780506703E0,-1.000000000E0
1.809540070E2,6.250205553E1,2.543657065E1,1.763772024E2,1.960258872E2,1.536691810E0,3.403003845E2,2.941924223E-1,4.748651448E0,6.541612694E0,-1.000000000E0
1.819540030E2,6.250208310E1,2.543653041E1,1.759292611E2,1.955779260E2,1.533370172E0,3.189795837E2,2.955087086E-1,4.748651439E0,6.834814248E0,-1.000000000E0
1.829540004E2,6.250209204E1,2.543651359E1,1.755923562E2,1.952410151E2,1.486521968E0,3.189795837E2,2.967839868E-1,4.748651430E0,6.735448253E0,-1.000000000E0
1.839539975E2,6.250210069E1,2.543649730E1,1.750097976E2,1.946584506E2,1.460227320E0,3.189795837E2,2.984563470E-1,4.748651395E0,6.570486960E0,-1.000000000E0
1.849539949E2,6.250211205E1,2.543647594E1,1.756771014E2,1.953257468E2,1.542068715E0,3.189795837E2,3.005398322E-1,4.748651384E0,6.583378654E0,-1.000000000E0
1.859539940E2,6.250212525E1,2.543644714E1,1.758813832E2,1.955300200E2,1.549000072E0,3.132862854E2,3.019127927E-1,4.748651426E0,6.777466203E0,-1.000000000E0
1.869539888E2,6.250213372E1,2.543642769E1,1.760280433E2,1.956766749E2,1.547777067E0,3.132862854E2,3.036306687E-1,4.748651442E0,6.742689760E0,-1.000000000E0
1.879539874E2,6.250214432E1,2.543640335E1,1.769275597E2,1.965761845E2,1.556215638E0,3.132862854E2,3.050600407E-1,4.748651462E0,7.041182915E0,-1.000000000E0
1.889539849E2,6.250215314E1,2.543638309E1,1.776360745E2,1.972846937E2,1.519697969E0,3.132862854E2,3.066621041E-1,4.748651487E0,6.776759284E0,-1.000000000E0
1.899539820E2,6.250216303E1,2.543636040E1,1.780201864E2,1.976687993E2,1.530892322E0,3.132862854E2,3.082799461E-1,4.748651493E0,6.506288530E0,-1.000000000E0
1.909539807E2,6.250217301E1,2.543633747E1,1.781905226E2,1.978391292E2,1.553752294E0,3.132862854E2,3.095917546E-1,4.748651494E0,6.609872358E0,-1.000000000E0
1.919539791E2,6.250216376E1,2.543635332E1,1.788664876E2,1.985151007E2,1.552233042E0,3.340473328E2,3.109838677E-1,4.748651472E0,6.923861584E0,-1.000000000E0
1.929539775E2,6.250217501E1,2.543634144E1,1.792365262E2,1.988851307E2,1.538204841E0,3.337425842E2,3.126446806E-1,4.748651519E0,6.846742550E0,-1.000000000E0
1.939539754E2,6.250218204E1,2.543631290E1,1.792622592E2,1.989108605E2,1.544891811E0,3.011366367E2,3.143118842E-1,4.748651526E0,7.011852154E0,-1.000000000E0
1.949539745E2,6.250218677E1,2.543628208E1,1.791257251E2,1.987743254E2,1.554170846E0,2.970758859E2,3.161859037E-1,4.748651508E0,6.622118817E0,-1.000000000E0
1.959539735E2,6.250219209E1,2.543624744E1,1.791650155E2,1.988136148E2,1.550380791E0,2.967575880E2,3.182057757E-1,4.748651479E0,7.158243796E0,-1.000000000E0
1.969539729E2,6.250219905E1,2.543621111E1,1.790934852E2,1.987420822E2,1.555349261E0,3.062467899E2,3.203171641E-1,4.748651443E0,6.774842689E0,-1.000000000E0
1.979539722E2,6.250220477E1,2.543617189E1,1.791058040E2,1.987544000E2,1.568566286E0,3.083234091E2,3.225536749E-1,4.748651431E0,6.728116685E0,-1.000000000E0
1.989539713E2,6.250220866E1,2.543612915E1,1.792819622E2,1.989305591E2,1.565616944E0,3.066637394E2,3.248774817E-1,4.748651447E0,6.552663339E0,-1.000000000E0
1.999539703E2,6.250221047E1,2.543608406E1,1.790170981E2,1.986656981E2,1.534346729E0,3.035005605E2,3.275464866E-1,4.748651446E0,6.402192350E0,-1.000000000E0
2.009539697E2,6.250221134E1,2.543603210E1,1.789233843E2,1.985719889E2,1.541471219E0,2.992343496E2,3.303185289E-1,4.748651453E0,6.345178087E0,-1.000000000E0
2.019539682E2,6.250221178E1,2.543597812E1,1.791524657E2,1.988010754E2,1.558949044E0,2.972365935E2,3.331439950E-1,4.748651455E0,6.408933314E0,-1.000000000E0
2.029539683E2,6.250220909E1,2.543592339E1,1.794522498E2,1.991008674E2,1.545704630E0,2.947346906E2,3.340049986E-1,4.748651475E0,6.113793769E0,-1.000000000E0
2.039539669E2,6.250221209E1,2.543590794E1,1.794039221E2,1.990525387E2,1.389090376E0,2.938499661E2,3.357404962E-1,4.748651501E0,5.843525529E0,-1.000000000E0
2.049539667E2,6.250220808E1,2.543587527E1,1.784961520E2,1.981447754E2,1.348409005E0,2.791369492E2,3.373466947E-1,4.748651511E0,5.676116277E0,-1.000000000E0
2.059539670E2,6.250220941E1,2.543584411E1,1.782761652E2,1.979247906E2,1.543005555E0,2.770260449E2,3.386605220E-1,4.748651475E0,5.967619607E0,-1.000000000E0
2.069539665E2,6.250221017E1,2.543581858E1,1.786427327E2,1.982913601E2,1.532456420E0,2.754057936E2,3.400271863E-1,4.748651485E0,6.129674599E0,-1.000000000E0
2.079539660E2,6.250221028E1,2.543579196E1,1.795186707E2,1.991673008E2,1.453090713E0,2.754387098E2,3.413273222E-1,4.748651528E0,6.151601811E0,-1.000000000E0
2.089539658E2,6.250221174E1,2.543576683E1,1.790238367E2,1.986724680E2,1.531012523E0,2.746899793E2,3.426222176E-1,4.748651534E0,6.222288417E0,-1.000000000E0
2.099539657E2,6.250221160E1,2.543574161E1,1.788036428E2,1.984522769E2,1.511927064E0,2.715905029E2,3.439536082E-1,4.748651517E0,6.460266982E0,-1.000000000E0
2.109539661E2,6.250220919E1,2.543571621E1,1.785995385E2,1.982481772E2,1.486741252E0,2.658677452E2,3.452903983E-1,4.748651505E0,6.453706440E0,-1.000000000E0
2.119539654E2,6.250221055E1,2.543569034E1,1.786810787E2,1.983297189E2,1.515994065E0,2.696496601E2,3.466697516E-1,4.748651501E0,6.318209004E0,-1.000000000E0
2.129539645E2,6.250220752E1,2.543566428E1,1.788652037E2,1.985138492E2,1.512157849E0,2.648887720E2,3.479577672E-1,4.748651533E0,6.445262777E0,-1.000000000E0
2.139539649E2,6.250220695E1,2.543563923E1,1.784335853E2,1.980822339E2,1.527713441E0,2.665143187E2,3.493029995E-1,4.748651527E0,6.340700925E0,-1.000000000E0
2.149539648E2,6.250220363E1,2.543561403E1,1.779937102E2,1.976423642E2,1.531887178E0,2.643195472E2,3.507218208E-1,4.748651519E0,6.228726959E0,-1.000000000E0
2.159539647E2,6.250220146E1,2.543558680E1,1.781641666E2,1.978128253E2,1.540337687E0,2.619875378E2,3.522374740E-1,4.748651524E0,6.359702938E0,-1.000000000E0
2.169539648E2,6.250219893E1,2.543555779E1,1.780997298E2,1.977483937E2,1.544570338E0,2.599518738E2,3.537037975E-1,4.748651534E0,6.424046130E0,-1.000000000E0
2.179539651E2,6.250219741E1,2.543552942E1,1.778759879E2,1.975246560E2,1.530987229E0,2.615106710E2,3.551589110E-1,4.748651513E0,6.459747459E0,-1.000000000E0
2.189539646E2,6.250219785E1,2.543550109E1,1.777113347E2,1.973600053E2,1.524867153E0,2.656422006E2,3.566443077E-1,4.748651475E0,6.696556376E0,-1.000000000E0
2.199539649E2,6.250220114E1,2.543547305E1,1.784361300E2,1.980848006E2,1.538463426E0,2.723902711E2,3.581142788E-1,4.748651483E0,6.920456698E0,-1.000000000E0
2.209539651E2,6.250220156E1,2.543544443E1,1.787634828E2,1.984121560E2,1.531610552E0,2.727325782E2,3.596625577E-1,4.748651510E0,7.034881493E0,-1.000000000E0
2.219539661E2,6.250220116E1,2.543541429E1,1.796707417E2,1.993194182E2,1.491156475E0,2.708404045E2,3.613307322E-1,4.748651596E0,6.936736728E0,-1.000000000E0
2.229539648E2,6.250220114E1,2.543538179E1,1.795753112E2,1.992239912E2,1.555672716E0,2.694013709E2,3.629853868E-1,4.748651594E0,6.610620522E0,-1.000000000E0
2.239539649E2,6.250220020E1,2.543534963E1,1.794103104E2,1.990589944E2,1.544225905E0,2.680826699E2,3.646161634E-1,4.748651560E0,6.278387416E0,-1.000000000E0
2.249539658E2,6.250219920E1,2.543531794E1,1.792930039E2,1.989416920E2,1.550156263E0,2.700523573E2,3.663323121E-1,4.748651549E0,6.057597414E0,-1.000000000E0
2.259539664E2,6.250219845E1,2.543528455E1,1.791404627E2,1.987891549E2,1.577038062E0,2.716960816E2,3.679448618E-1,4.748651550E0,5.987221160E0,-1.000000000E0
2.269539654E2,6.250219514E1,2.543525397E1,1.789724011E2,1.986210993E2,1.569369109E0,2.674617645E2,3.696015435E-1,4.748651551E0,5.962351169E0,-1.000000000E0
2.279539670E2,6.250219209E1,2.543522238E1,1.791026900E2,1.987513941E2,1.541724977E0,2.647013922E2,3.712867571E-1,4.748651557E0,5.894656900E0,-1.000000000E0
2.289539672E2,6.250219108E1,2.543518963E1,1.790795264E2,1.987282347E2,1.541198503E0,2.675522889E2,3.729990786E-1,4.748651558E0,5.799700877E0,-1.000000000E0
2.299539664E2,6.250219236E1,2.543515639E1,1.791263860E2,1.987750966E2,1.547868663E0,2.717345783E2,3.744487334E-1,4.748651559E0,5.781410504E0,-1.000000000E0
2.309539665E2,6.250219340E1,2.543512825E1,1.789874097E2,1.986361223E2,1.516503223E0,2.732847091E2,3.760955022E-1,4.748651550E0,5.826580416E0,-1.000000000E0
2.319539675E2,6.250219503E1,2.543509637E1,1.787989783E2,1.984476927E2,1.529493470E0,2.735009183E2,3.776010045E-1,4.748651526E0,6.059352902E0,-1.000000000E0
2.329539678E2,6.250219641E1,2.543506720E1,1.789483487E2,1.985970649E2,1.536054870E0,2.744509762E2,3.791953168E-1,4.748651513E0,6.191413635E0,-1.000000000E0
2.339539667E2,6.250220130E1,2.543503801E1,1.789661698E2,1.986148847E2,1.535076516E0,2.811139153E2,3.807562949E-1,4.748651530E0,6.142514493E0,-1.000000000E0
2.349539676E2,6.250220587E1,2.543500926E1,1.790852147E2,1.987339286E2,1.545840693E0,2.846223713E2,3.822719896E-1,4.748651527E0,6.053418884E0,-1.000000000E0
2.359539683E2,6.250220789E1,2.543498006E1,1.792507323E2,1.988994474E2,1.545024643E0,2.813631427E2,3.837949702E-1,4.748651536E0,6.045289835E0,-1.000000000E0
2.369539685E2,6.250221305E1,2.543495258E1,1.792514388E2,1.989001523E2,1.538349870E0,2.867176577E2,3.853318142E-1,4.748651540E0,6.133793813E0,-1.000000000E0
2.379539690E2,6.250221770E1,2.543492439E1,1.794327884E2,1.990815007E2,1.528614249E0,2.878799825E2,3.867773958E-1,4.748651546E0,6.128191684E0,-1.000000000E0
2.389539688E2,6.250222228E1,2.543489804E1,1.796517583E2,1.993004694E2,1.498986042E0,2.851338172E2,3.884501235E-1,4.748651566E0,6.351685157E0,-1.000000000E0
2.399539702E2,6.250223191E1,2.543487301E1,1.796287307E2,1.992774359E2,1.538253697E0,2.973977432E2,3.899692341E-1,4.748651541E0,6.383930816E0,-1.000000000E0
2.409539694E2,6.250223811E1,2.543484663E1,1.799134460E2,1.995621486E2,1.530850310E0,2.955197237E2,3.914283536E-1,4.748651544E0,6.352429579E0,-1.000000000E0
2.419539704E2,6.250224500E1,2.543482245E1,1.802837269E2,1.999324260E2,1.504803103E0,2.963239838E2,3.929755428E-1,4.748651559E0,6.266141155E0,-1.000000000E0
2.429539704E2,6.250225352E1,2.543479863E1,1.800862604E2,1.997349545E2,1.528599052E0,3.007765308E2,3.943578932E-1,4.748651536E0,6.158316176E0,-1.000000000E0
2.439539711E2,6.250226127E1,2.543477758E1,1.802371699E2,1.998858594E2,1.502898554E0,3.030346135E2,3.957506734E-1,4.748651519E0,6.171112002E0,-1.000000000E0
2.449539716E2,6.250226851E1,2.543475543E1,1.804853573E2,2.001340428E2,1.512501445E0,3.029666509E2,3.971606172E-1,4.748651531E0,6.179236103E0,-1.000000000E0
2.459539717E2,6.250227014E1,2.543472820E1,1.808144138E2,2.004631007E2,1.491745772E0,2.919875977E2,3.986310197E-1,4.748651570E0,6.340022827E0,-1.000000000E0
2.469539714E2,6.250226938E1,2.543469961E1,1.807543534E2,2.004030439E2,1.496832642E0,2.795351857E2,4.001809081E-1,4.748651588E0,6.394131799E0,-1.000000000E0
2.479539720E2,6.250226619E1,2.543467022E1,1.808888666E2,2.005375629E2,1.519781547E0,2.668543495E2,4.017382048E-1,4.748651591E0,6.425631598E0,-1.000000000E0
2.489539733E2,6.250225922E1,2.543464392E1,1.809655782E2,2.006142832E2,1.513663544E0,2.539079050E2,4.032602094E-1,4.748651596E0,6.453646306E0,-1.000000000E0
2.499539734E2,6.250225030E1,2.543462142E1,1.811200662E2,2.007687812E2,1.500772639E0,2.427515579E2,4.046247197E-1,4.748651623E0,6.707123522E0,-1.000000000E0
2.509539737E2,6.250224184E1,2.543460218E1,1.810621193E2,2.007108437E2,1.484841742E0,2.353757857E2,4.062670294E-1,4.748651613E0,6.521338508E0,-1.000000000E0
2.519539738E2,6.250223291E1,2.543457670E1,1.805511709E2,2.001999056E2,1.581723730E0,2.338733569E2,4.077326589E-1,4.748651583E0,6.050416505E0,-1.000000000E0
2.529539739E2,6.250222230E1,2.543455974E1,1.805286209E2,2.001773665E2,1.509312485E0,2.262987622E2,4.093470646E-1,4.748651561E0,6.473912435E0,-1.000000000E0
2.539539748E2,6.250221051E1,2.543454139E1,1.802765855E2,1.999253432E2,1.509692512E0,2.228207611E2,4.109108223E-1,4.748651540E0,6.358557651E0,-1.000000000E0
2.549539742E2,6.250220004E1,2.543452106E1,1.804325967E2,2.000813656E2,1.507738353E0,2.223385960E2,4.123020186E-1,4.748651535E0,6.399955245E0,-1.000000000E0
2.559539747E2,6.250219106E1,2.543450219E1,1.802711097E2,1.999198883E2,1.476207529E0,2.237408138E2,4.138590477E-1,4.748651545E0,6.316408046E0,-1.000000000E0
2.569539757E2,6.250218726E1,2.543447300E1,1.799359043E2,1.995846892E2,1.487406144E0,2.389009066E2,4.152791896E-1,4.748651539E0,6.334577559E0,-1.000000000E0
2.579539759E2,6.250218291E1,2.543444700E1,1.799313615E2,1.995801528E2,1.495380985E0,2.444555002E2,4.170044141E-1,4.748651546E0,6.304875360E0,-1.000000000E0
2.589539760E2,6.250217020E1,2.543442772E1,1.803344778E2,1.999832821E2,1.549236360E0,2.307860093E2,4.184546806E-1,4.748651576E0,6.114376657E0,-1.000000000E0
2.599539759E2,6.250215949E1,2.543441157E1,1.803977824E2,2.000465977E2,1.499605258E0,2.221784495E2,4.200401326E-1,4.748651612E0,6.144859221E0,-1.000000000E0
2.609551640E2,6.250214742E1,2.543439516E1,1.803806706E2,2.000294981E2,1.513099096E0,2.176230111E2,4.215870341E-1,4.748651601E0,6.040464710E0,-1.000000000E0
2.619551830E2,6.250213652E1,2.543437644E1,1.803747510E2,2.000235899E2,1.493577328E0,2.187638442E2,4.230302476E-1,4.748651586E0,5.876464333E0,-1.000000000E0
2.629551831E2,6.250212646E1,2.543435866E1,1.803989936E2,2.000478430E2,1.474934295E0,2.199874508E2,4.245384189E-1,4.748651574E0,5.985256013E0,-1.000000000E0
2.639551767E2,6.250211622E1,2.543433941E1,1.807053130E2,2.003541733E2,1.479125613E0,2.213388501E2,4.260332738E-1,4.748651573E0,5.982618187E0,-1.000000000E0
2.649551711E2,6.250210510E1,2.543432303E1,1.807000609E2,2.003489324E2,1.496544657E0,2.196869627E2,4.276095517E-1,4.748651582E0,5.780057032E0,-1.000000000E0
2.659551384E2,6.250209299E1,2.543430709E1,1.805101736E2,2.001590573E2,1.501092381E0,2.157690199E2,4.289343826E-1,4.748651600E0,5.729983137E0,-1.000000000E0
2.669551219E2,6.250208280E1,2.543429370E1,1.803114703E2,1.999603643E2,1.466269841E0,2.132669365E2,4.305330344E-1,4.748651596E0,5.974673280E0,-1.000000000E0
2.679551041E2,6.250207386E1,2.543426931E1,1.803482644E2,1.999971686E2,1.477798741E0,2.187723289E2,4.321258703E-1,4.748651568E0,5.887393925E0,-1.000000000E0
2.689550699E2,6.250206498E1,2.543424497E1,1.806010854E2,2.002499998E2,1.480415645E0,2.212152270E2,4.331229014E-1,4.748651576E0,5.884061381E0,-1.000000000E0
2.699550465E2,6.250205781E1,2.543423332E1,1.809346317E2,2.005835535E2,1.157833437E0,2.195685469E2,4.347613253E-1,4.748651585E0,6.116972341E0,-1.000000000E0
2.709550257E2,6.250204883E1,2.543420802E1,1.813099362E2,2.009588684E2,1.406055426E0,2.218426470E2,4.361545867E-1,4.748651586E0,5.205923221E0,-1.000000000E0
2.719549881E2,6.250204557E1,2.543418181E1,1.823999232E2,2.020488609E2,1.180226327E0,2.266225408E2,4.373071856E-1,4.748651612E0,5.820244306E0,-1.000000000E0
2.729549645E2,6.250203723E1,2.543416849E1,1.825388315E2,2.021877778E2,1.284393531E0,2.216337012E2,4.392282515E-1,4.748651619E0,5.662961437E0,-1.000000000E0
2.739549432E2,6.250202318E1,2.543414669E1,1.820126045E2,2.016615652E2,1.646303726E0,2.196254815E2,4.401551764E-1,4.748651623E0,5.148462277E0,-1.000000000E0
2.749549019E2,6.250201711E1,2.543413432E1,1.820232956E2,2.016722629E2,1.189107605E0,2.201094357E2,4.420040849E-1,4.748651581E0,6.096620351E0,-1.000000000E0
2.759548601E2,6.250200461E1,2.543411058E1,1.820443005E2,2.016932810E2,1.548153192E0,2.221456486E2,4.432260003E-1,4.748651559E0,5.126990022E0,-1.000000000E0
2.769548206E2,6.250199674E1,2.543409397E1,1.821655477E2,2.018145368E2,1.182322862E0,2.233010560E2,4.449036254E-1,4.748651550E0,5.702002586E0,-1.000000000E0
2.779547825E2,6.250198425E1,2.543407565E1,1.819834976E2,2.016324994E2,1.432252021E0,2.187995076E2,4.466797751E-1,4.748651549E0,5.153507074E0,-1.000000000E0
2.789547470E2,6.250197200E1,2.543405345E1,1.821567070E2,2.018057217E2,1.580592234E0,2.210581404E2,4.479490809E-1,4.748651562E0,5.092633537E0,-1.000000000E0
2.799547148E2,6.250196517E1,2.543403363E1,1.823147524E2,2.019637751E2,1.390203956E0,2.257302491E2,4.494898150E-1,4.748651561E0,5.880742865E0,-1.000000000E0
2.809546821E2,6.250195425E1,2.543401515E1,1.821798509E2,2.018288849E2,1.422721832E0,2.232992593E2,4.511133806E-1,4.748651542E0,5.474015095E0,-1.000000000E0
2.819546520E2,6.250194503E1,2.543399063E1,1.821204995E2,2.017695440E2,1.426443970E0,2.292442167E2,4.527445807E-1,4.748651529E0,5.989353633E0,-1.000000000E0
2.829546243E2,6.250193415E1,2.543396932E1,1.821401033E2,2.017891595E2,1.457391147E0,2.255091774E2,4.542261137E-1,4.748651543E0,6.104624144E0,-1.000000000E0
2.839545974E2,6.250192245E1,2.543395551E1,1.822717016E2,2.019207693E2,1.450490612E0,2.185396054E2,4.556572077E-1,4.748651552E0,5.570190279E0,-1.000000000E0
2.849545718E2,6.250191120E1,2.543394199E1,1.817360787E2,2.013851576E2,1.374808384E0,2.146598253E2,4.571371701E-1,4.748651545E0,4.967848922E0,-1.000000000E0
2.859545485E2,6.250190145E1,2.543392236E1,1.817086383E2,2.013577276E2,1.378141821E0,2.199070876E2,4.586549658E-1,4.748651557E0,5.068931118E0,-1.000000000E0
2.869545258E2,6.250189199E1,2.543390105E1,1.816293802E2,2.012784800E2,1.366104418E0,2.234055041E2,4.603129944E-1,4.748651552E0,4.966801548E0,-1.000000000E0
2.879545037E2,6.250188182E1,2.543387744E1,1.814804469E2,2.011295579E2,1.421390355E0,2.257464347E2,4.617513009E-1,4.748651555E0,4.877708298E0,-1.000000000E0
2.889544832E2,6.250187319E1,2.543385657E1,1.816559699E2,2.013050905E2,1.403815638E0,2.274410945E2,4.631408352E-1,4.748651538E0,4.611405194E0,-1.000000000E0
2.899544643E2,6.250186147E1,2.543384716E1,1.817208096E2,2.013699413E2,1.221226201E0,2.148188567E2,4.651057523E-1,4.748651562E0,4.744154451E0,-1.000000000E0
2.909544461E2,6.250184818E1,2.543382193E1,1.816012789E2,2.012504247E2,1.469687301E0,2.174733584E2,4.668430860E-1,4.748651562E0,4.938924517E0,-1.000000000E0
2.919544281E2,6.250183833E1,2.543379567E1,1.816171592E2,2.012663163E2,1.474471728E0,2.232376403E2,4.686916410E-1,4.748651554E0,5.583452105E0,-1.000000000E0
2.929544117E2,6.250182770E1,2.543376798E1,1.815521389E2,2.012013080E2,1.569341602E0,2.256342088E2,4.704763003E-1,4.748651546E0,5.653573223E0,-1.000000000E0
2.939543965E2,6.250181804E1,2.543374022E1,1.818793727E2,2.015285530E2,1.574720449E0,2.286183083E2,4.720646594E-1,4.748651554E0,5.670047188E0,-1.000000000E0
2.949543809E2,6.250180839E1,2.543371741E1,1.823302048E2,2.019793959E2,1.539372950E0,2.261585504E2,4.737810092E-1,4.748651570E0,5.902681009E0,-1.000000000E0
2.959543662E2,6.250179483E1,2.543370146E1,1.821128098E2,2.017620142E2,1.546291718E0,2.169784498E2,4.751863948E-1,4.748651608E0,6.070235333E0,-1.000000000E0
2.969543531E2,6.250178327E1,2.543369036E1,1.823226273E2,2.019718430E2,1.510505840E0,2.103944370E2,4.765651501E-1,4.748651607E0,5.855354621E0,-1.000000000E0
2.979543400E2,6.250177088E1,2.543369092E1,1.821715373E2,2.018207637E2,1.266560081E0,1.923205622E2,4.780167965E-1,4.748651603E0,5.765674567E0,-1.000000000E0
2.989543270E2,6.250175864E1,2.543370078E1,1.814783728E2,2.011276088E2,1.224541802E0,1.709627482E2,4.793664660E-1,4.748651589E0,5.337504570E0,-1.000000000E0
2.999543159E2,6.250174666E1,2.543370507E1,1.816893195E2,2.013385654E2,1.357493014E0,1.637221416E2,4.810778240E-1,4.748651608E0,5.251725260E0,-1.000000000E0
3.009543041E2,6.250173160E1,2.543371190E1,1.815861409E2,2.012353992E2,1.476410641E0,1.604925491E2,4.823599589E-1,4.748651573E0,5.299221570E0,-1.000000000E0
3.019542934E2,6.250172088E1,2.543372108E1,1.813343492E2,2.009836158E2,1.328373428E0,1.537316926E2,4.841923088E-1,4.748651564E0,5.719878392E0,-1.000000000E0
3.029542823E2,6.250170614E1,2.543373705E1,1.813047009E2,2.009539787E2,1.600219855E0,1.519088901E2,4.856132384E-1,4.748651533E0,5.012496175E0,-1.000000000E0
3.039542724E2,6.250169877E1,2.543375966E1,1.816068766E2,2.012561585E2,1.373586337E0,1.420091053E2,4.871502199E-1,4.748651550E0,5.750001564E0,-1.000000000E0
3.049542630E2,6.250168817E1,2.543377888E1,1.819226586E2,2.015719477E2,1.370319055E0,1.390028432E2,4.886298004E-1,4.748651543E0,5.546964722E0,-1.000000000E0
3.059542540E2,6.250167998E1,2.543380160E1,1.819322954E2,2.015815894E2,1.367540881E0,1.344547097E2,4.906430326E-1,4.748651544E0,5.494004827E0,-1.000000000E0
3.069542454E2,6.250166517E1,2.543382414E1,1.826001888E2,2.022494933E2,1.600607472E0,1.354791556E2,4.921215078E-1,4.748651522E0,4.965795973E0,-1.000000000E0
3.079542360E2,6.250165732E1,2.543384738E1,1.820884085E2,2.017377175E2,1.523863201E0,1.282245816E2,4.937319654E-1,4.748651529E0,5.512465133E0,-1.000000000E0
3.089542278E2,6.250165060E1,2.543387517E1,1.817889349E2,2.014382468E2,1.580124663E0,1.255707356E2,4.954017488E-1,4.748651499E0,5.763880914E0,-1.000000000E0
3.099542195E2,6.250164301E1,2.543390323E1,1.821009702E2,2.017502858E2,1.582975726E0,1.243197537E2,4.974732072E-1,4.748651512E0,5.859748349E0,-1.000000000E0
3.109542125E2,6.250163081E1,2.543393373E1,1.817984662E2,2.014477893E2,1.619182789E0,1.258563264E2,4.992855849E-1,4.748651518E0,6.117194528E0,-1.000000000E0
3.119542049E2,6.250162039E1,2.543396087E1,1.818999053E2,2.015492347E2,1.623329955E0,1.251004050E2,5.010461179E-1,4.748651499E0,6.106847013E0,-1.000000000E0
3.129541982E2,6.250160836E1,2.543398318E1,1.820996131E2,2.017489506E2,1.617109411E0,1.290895514E2,5.025851473E-1,4.748651506E0,5.932976998E0,-1.000000000E0
3.139541909E2,6.250160039E1,2.543400768E1,1.814953682E2,2.011447102E2,1.596173802E0,1.271053323E2,5.042935783E-1,4.748651503E0,5.957544336E0,-1.000000000E0
3.149541837E2,6.250158999E1,2.543403218E1,1.811764056E2,2.008257541E2,1.605316945E0,1.286447085E2,5.059649378E-1,4.748651481E0,6.033549960E0,-1.000000000E0
3.159541775E2,6.250158105E1,2.543405834E1,1.809138196E2,2.005631732E2,1.608097457E0,1.255346544E2,5.075809720E-1,4.748651485E0,5.914058641E0,-1.000000000E0
3.169541702E2,6.250157106E1,2.543408120E1,1.808950603E2,2.005444202E2,1.608744988E0,1.270332749E2,5.095103836E-1,4.748651487E0,5.967485111E0,-1.000000000E0
3.179541641E2,6.250156011E1,2.543411036E1,1.811258639E2,2.007752303E2,1.615642093E0,1.263928213E2,5.111982083E-1,4.748651526E0,6.045761229E0,-1.000000000E0
3.189541583E2,6.250154918E1,2.543413317E1,1.814390544E2,2.010884280E2,1.608323647E0,1.286287159E2,5.127357507E-1,4.748651525E0,5.825048521E0,-1.000000000E0
3.199541527E2,6.250154076E1,2.543415692E1,1.812787569E2,2.009281353E2,1.590296292E0,1.261105860E2,5.143393608E-1,4.748651527E0,5.751282841E0,-1.000000000E0
3.209541463E2,6.250153162E1,2.543418109E1,1.812392677E2,2.008886516E2,1.606961807E0,1.237142273E2,5.159392723E-1,4.748651512E0,5.729119277E0,-1.000000000E0
3.219541411E2,6.250151990E1,2.543419915E1,1.818126762E2,2.014620684E2,1.598573477E0,1.297209791E2,5.173865187E-1,4.748651528E0,5.693558631E0,-1.000000000E0
3.229541346E2,6.250151294E1,2.543422297E1,1.816545109E2,2.013039068E2,1.590810560E0,1.264739706E2,5.189611414E-1,4.748651525E0,5.686895103E0,-1.000000000E0
3.239541296E2,6.250150295E1,2.543424471E1,1.815842907E2,2.012336930E2,1.612839374E0,1.275466108E2,5.205615666E-1,4.748651502E0,5.617499111E0,-1.000000000E0
3.249541235E2,6.250149105E1,2.543426225E1,1.821228994E2,2.017723103E2,1.615526080E0,1.292493115E2,5.221903657E-1,4.748651518E0,5.995109724E0,-1.000000000E0
3.259541190E2,6.250148382E1,2.543428984E1,1.816399522E2,2.012893665E2,1.610788993E0,1.228514113E2,5.237619414E-1,4.748651519E0,6.065456156E0,-1.000000000E0
3.269541137E2,6.250147368E1,2.543431117E1,1.815288473E2,2.011782683E2,1.603690920E0,1.258110435E2,5.251740243E-1,4.748651503E0,6.278038470E0,-1.000000000E0
3.279541087E2,6.250146553E1,2.543433225E1,1.812195855E2,2.008690114E2,1.529063166E0,1.270165985E2,5.266406067E-1,4.748651487E0,6.179782512E0,-1.000000000E0
3.289541043E2,6.250145664E1,2.543435336E1,1.812183428E2,2.008677743E2,1.490587053E0,1.297266399E2,5.281917818E-1,4.748651476E0,6.044622768E0,-1.000000000E0
3.299540991E2,6.250144853E1,2.543437795E1,1.813393338E2,2.009887697E2,1.499079892E0,1.255214543E2,5.298592675E-1,4.748651495E0,6.042067848E0,-1.000000000E0
3.309540945E2,6.250143769E1,2.543440038E1,1.812248254E2,2.008742685E2,1.510504453E0,1.295251362E2,5.314963330E-1,4.748651496E0,6.040842242E0,-1.000000000E0
3.319540900E2,6.250142630E1,2.543442060E1,1.813246413E2,2.009740921E2,1.525450713E0,1.339879922E2,5.329937779E-1,4.748651488E0,5.985516748E0,-1.000000000E0
3.329540839E2,6.250141876E1,2.543444476E1,1.814441872E2,2.010936421E2,1.423466630E0,1.284765925E2,5.345010347E-1,4.748651489E0,6.215303495E0,-1.000000000E0
3.339540799E2,6.250140979E1,2.543446678E1,1.815391128E2,2.011885733E2,1.451030252E0,1.285096177E2,5.360283333E-1,4.748651492E0,5.785283483E0,-1.000000000E0
3.349540751E2,6.250139949E1,2.543448644E1,1.815412932E2,2.011907607E2,1.318871547E0,1.295899859E2,5.376359909E-1,4.748651490E0,6.062068708E0,-1.000000000E0
3.359540703E2,6.250138964E1,2.543450936E1,1.812621673E2,2.009116410E2,1.493247663E0,1.284152994E2,5.389219978E-1,4.748651491E0,5.751909982E0,-1.000000000E0
3.369540663E2,6.250138173E1,2.543452765E1,1.813741334E2,2.010236120E2,1.251709712E0,1.280869025E2,5.405118247E-1,4.748651488E0,6.089276355E0,-1.000000000E0
3.379540614E2,6.250137138E1,2.543454901E1,1.813784554E2,2.010279408E2,1.459355664E0,1.310401019E2,5.419274533E-1,4.748651498E0,5.559433382E0,-1.000000000E0
3.389540575E2,6.250136105E1,2.543456513E1,1.814291817E2,2.010786744E2,1.232712230E0,1.362252536E2,5.432656866E-1,4.748651493E0,6.062308045E0,-1.000000000E0
3.399540526E2,6.250135032E1,2.543457690E1,1.814765315E2,2.011260323E2,1.213048485E0,1.421083199E2,5.445315919E-1,4.748651494E0,5.396268439E0,-1.000000000E0
3.409540488E2,6.250133900E1,2.543457425E1,1.808100801E2,2.004595910E2,1.139971524E0,1.621445134E2,5.458521121E-1,4.748651486E0,5.584410521E0,-1.000000000E0
3.419540451E2,6.250132917E1,2.543455979E1,1.806417011E2,2.002912221E2,1.124637305E0,1.873727393E2,5.477643085E-1,4.748651463E0,5.621599456E0,-1.000000000E0
3.429540399E2,6.250131967E1,2.543452875E1,1.813169469E2,2.009664793E2,1.354063434E0,2.140597235E2,5.498821022E-1,4.748651460E0,5.423047730E0,-1.000000000E0
3.439540364E2,6.250131396E1,2.543448940E1,1.814812530E2,2.011307944E2,1.624057297E0,2.353512251E2,5.509759261E-1,4.748651491E0,5.090423961E0,-1.000000000E0
3.449540312E2,6.250131458E1,2.543446814E1,1.814049175E2,2.010544605E2,1.196470717E0,2.481924165E2,5.526569728E-1,4.748651512E0,6.039296075E0,-1.000000000E0
3.459540280E2,6.250131130E1,2.543443618E1,1.807728930E2,2.004224421E2,1.346545412E0,2.507007616E2,5.545382469E-1,4.748651500E0,4.950288337E0,-1.000000000E0
3.469540232E2,6.250130718E1,2.543440064E1,1.808749784E2,2.005245348E2,1.311107794E0,2.499289257E2,5.559704962E-1,4.748651503E0,5.379644395E0,-1.000000000E0
3.479540197E2,6.250130644E1,2.543437279E1,1.808120940E2,2.004616539E2,1.273432625E0,2.563118015E2,5.575476854E-1,4.748651511E0,5.277696292E0,-1.000000000E0
3.489540147E2,6.250130679E1,2.543434208E1,1.807813010E2,2.004308637E2,1.365678268E0,2.605081029E2,5.588047965E-1,4.748651542E0,4.835285790E0,-1.000000000E0
3.499540111E2,6.250130821E1,2.543431779E1,1.809294325E2,2.005789964E2,1.239907510E0,2.683955061E2,5.595637947E-1,4.748651525E0,5.090139022E0,-1.000000000E0
3.509540070E2,6.250130927E1,2.543430318E1,1.806059218E2,2.002554863E2,9.155892615E-1,2.753720821E2,5.607190830E-1,4.748651529E0,5.066425710E0,-1.000000000E0
3.519540031E2,6.250131187E1,2.543428139E1,1.807531054E2,2.004026699E2,9.679303948E-1,2.796250244E2,5.630737818E-1,4.748651524E0,5.346720525E0,-1.000000000E0
3.529540002E2,6.250131459E1,2.543423591E1,1.811733361E2,2.008229028E2,1.450160639E0,2.755688455E2,5.644246565E-1,4.748651534E0,5.555265579E0,-1.000000000E0
3.539539948E2,6.250131189E1,2.543421025E1,1.801542563E2,1.998038280E2,1.540305978E0,2.676036890E2,5.659024056E-1,4.748651500E0,5.880617076E0,-1.000000000E0
3.549539920E2,6.250131256E1,2.543418151E1,1.798719263E2,1.995215004E2,1.562685310E0,2.687079060E2,5.676549641E-1,4.748651477E0,5.824978411E0,-1.000000000E0
3.559539875E2,6.250131713E1,2.543414884E1,1.800233622E2,1.996729356E2,1.612581027E0,2.749542841E2,5.690645095E-1,4.748651463E0,5.991512644E0,-1.000000000E0
3.569539881E2,6.250131773E1,2.543412142E1,1.806318562E2,2.002814319E2,1.638076138E0,2.711098411E2,5.704580549E-1,4.748651507E0,6.411964642E0,-1.000000000E0
3.579539870E2,6.250131734E1,2.543409429E1,1.808065249E2,2.004561037E2,1.611249942E0,2.721404236E2,5.718584096E-1,4.748651542E0,6.372934617E0,-1.000000000E0
3.589539911E2,6.250131628E1,2.543406711E1,1.806649854E2,2.003145679E2,1.584697064E0,2.702014199E2,5.730928798E-1,4.748651539E0,6.343834191E0,-1.000000000E0
3.599539930E2,6.250131796E1,2.543404334E1,1.802552623E2,1.999048457E2,1.587274816E0,2.690552691E2,5.744735162E-1,4.748651483E0,6.314049383E0,-1.000000000E0
3.609539951E2,6.250131718E1,2.543401650E1,1.802600931E2,1.999096800E2,1.603773838E0,2.657860163E2,5.760934957E-1,4.748651468E0,6.503983029E0,-1.000000000E0
3.619539970E2,6.250131298E1,2.543398630E1,1.802403402E2,1.998899338E2,1.614325849E0,2.596832552E2,5.777352850E-1,4.748651497E0,6.372260918E0,-1.000000000E0
3.629539984E2,6.250131440E1,2.543395447E1,1.805741863E2,2.002237819E2,1.622218486E0,2.621518009E2,5.792727733E-1,4.748651506E0,6.454246734E0,-1.000000000E0
3.639540005E2,6.250130972E1,2.543392629E1,1.803570626E2,2.000066652E2,1.598028303E0,2.568667571E2,5.807592076E-1,4.748651520E0,6.710535040E0,-1.000000000E0
3.649540005E2,6.250130720E1,2.543389786E1,1.805088475E2,2.001584552E2,1.571369225E0,2.538625144E2,5.820025051E-1,4.748651524E0,6.658794218E0,-1.000000000E0
3.659540023E2,6.250130279E1,2.543387561E1,1.802606315E2,1.999102452E2,1.568748414E0,2.503785647E2,5.835715873E-1,4.748651553E0,6.854917200E0,-1.000000000E0
3.669540017E2,6.250129511E1,2.543384996E1,1.804275959E2,2.000772189E2,1.586108464E0,2.431728852E2,5.851890165E-1,4.748651561E0,6.618987720E0,-1.000000000E0
3.679540020E2,6.250129286E1,2.543381884E1,1.803341110E2,1.999837392E2,1.601135889E0,2.479380099E2,5.870684687E-1,4.748651536E0,6.604609348E0,-1.000000000E0
3.689540020E2,6.250129765E1,2.543378373E1,1.807079305E2,2.003575581E2,1.616270995E0,2.638709082E2,5.887702104E-1,4.748651499E0,6.602499005E0,-1.000000000E0
3.699540020E2,6.250129322E1,2.543375200E1,1.805133309E2,2.001629656E2,1.623106950E0,2.571160657E2,5.902236478E-1,4.748651527E0,6.572458641E0,-1.000000000E0
3.709540011E2,6.250128847E1,2.543372563E1,1.810119145E2,2.006615561E2,1.570997076E0,2.531590618E2,5.915054935E-1,4.748651542E0,6.547888922E0,-1.000000000E0
3.719540009E2,6.250128798E1,2.543370068E1,1.806003102E2,2.002499547E2,1.577510978E0,2.560187180E2,5.928672259E-1,4.748651545E0,6.690476137E0,-1.000000000E0
3.729539995E2,6.250128687E1,2.543367427E1,1.808772282E2,2.005268763E2,1.581666332E0,2.556285381E2,5.943221402E-1,4.748651558E0,6.407674486E0,-1.000000000E0
3.739539987E2,6.250128699E1,2.543364593E1,1.812461084E2,2.008957593E2,1.575672892E0,2.614799839E2,5.956885228E-1,4.748651570E0,6.279618182E0,-1.000000000E0
3.749539973E2,6.250128630E1,2.543361936E1,1.815617428E2,2.012113970E2,1.572286749E0,2.621343997E2,5.969902206E-1,4.748651561E0,6.259778707E0,-1.000000000E0
3.759539962E2,6.250128378E1,2.543359460E1,1.812161171E2,2.008657761E2,1.563841419E0,2.582891521E2,5.986154376E-1,4.748651561E0,6.420152267E0,-1.000000000E0
3.769539933E2,6.250128260E1,2.543356305E1,1.807185156E2,2.003681789E2,1.576780111E0,2.605731044E2,6.003096980E-1,4.748651535E0,6.107383386E0,-1.000000000E0
3.779539920E2,6.250128783E1,2.543353206E1,1.804732784E2,2.001229403E2,1.590211410E0,2.725061508E2,6.020164663E-1,4.748651497E0,6.312794157E0,-1.000000000E0
3.789539905E2,6.250129505E1,2.543350272E1,1.806132674E2,2.002629260E2,1.615830496E0,2.849929602E2,6.036714915E-1,4.748651479E0,6.236228636E0,-1.000000000E0
3.799539888E2,6.250130353E1,2.543347623E1,1.807071208E2,2.003567748E2,1.614591470E0,2.956119135E2,6.050961338E-1,4.748651485E0,5.987761104E0,-1.000000000E0
3.809539859E2,6.250130830E1,2.543345048E1,1.807327100E2,2.003823625E2,1.593360720E0,2.937307176E2,6.064220364E-1,4.748651484E0,6.603100587E0,-1.000000000E0
3.819539844E2,6.250131350E1,2.543342724E1,1.804809148E2,2.001305651E2,1.579635147E0,2.942820177E2,6.080237505E-1,4.748651489E0,6.569215530E0,-1.000000000E0
3.829539821E2,6.250131900E1,2.543339841E1,1.810361056E2,2.006857540E2,1.545475192E0,2.917280660E2,6.092926652E-1,4.748651498E0,6.636268198E0,-1.000000000E0
3.839539795E2,6.250132313E1,2.543337536E1,1.810274000E2,2.006770473E2,1.527201109E0,2.910288492E2,6.107963641E-1,4.748651515E0,6.599606503E0,-1.000000000E0
3.849539768E2,6.250132880E1,2.543334878E1,1.814821115E2,2.011317565E2,1.559495556E0,2.895791010E2,6.121055500E-1,4.748651517E0,6.307371504E0,-1.000000000E0
3.859539741E2,6.250133280E1,2.543332480E1,1.820458336E2,2.016954776E2,1.517480051E0,2.910273789E2,6.134155280E-1,4.748651523E0,6.353274887E0,-1.000000000E0
3.869554502E2,6.250133111E1,2.543329955E1,1.816722684E2,2.013219164E2,1.352743874E0,2.781352004E2,6.145153497E-1,4.748651546E0,5.807748286E0,-1.000000000E0
3.879554677E2,6.250133208E1,2.543327823E1,1.820070899E2,2.016567393E2,1.194050356E0,2.745711133E2,6.159246499E-1,4.748651535E0,5.662602791E0,-1.000000000E0
3.889554526E2,6.250132758E1,2.543325257E1,1.816016589E2,2.012513148E2,1.342219054E0,2.646688344E2,6.175062696E-1,4.748651555E0,5.501041139E0,-1.000000000E0
3.899554430E2,6.250132097E1,2.543322529E1,1.815339320E2,2.011835965E2,1.441164496E0,2.529369774E2,6.191764844E-1,4.748651581E0,5.292023786E0,-1.000000000E0
3.909554350E2,6.250130959E1,2.543320407E1,1.814483600E2,2.010980364E2,1.571756575E0,2.376639593E2,6.208316955E-1,4.748651620E0,5.813285790E0,-1.000000000E0
3.919554067E2,6.250130028E1,2.543317891E1,1.816638530E2,2.013135401E2,1.577992241E0,2.337970511E2,6.223470172E-1,4.748651625E0,6.344204288E0,-1.000000000E0
3.929553888E2,6.250128899E1,2.543316237E1,1.813763153E2,2.010260140E2,1.575632444E0,2.245888588E2,6.237989263E-1,4.748651644E0,6.455716294E0,-1.000000000E0
3.939553715E2,6.250128029E1,2.543314130E1,1.811867068E2,2.008364151E2,1.579055392E0,2.257735493E2,6.255120159E-1,4.748651626E0,6.280065533E0,-1.000000000E0
3.949553299E2,6.250127243E1,2.543311259E1,1.811334211E2,2.007831392E2,1.604745838E0,2.329512063E2,6.269811839E-1,4.748651608E0,6.166975280E0,-1.000000000E0
3.959553086E2,6.250126667E1,2.543308684E1,1.810500962E2,2.006998219E2,1.590838239E0,2.388950056E2,6.282138804E-1,4.748651586E0,6.083107911E0,-1.000000000E0
3.969552894E2,6.250125888E1,2.543306975E1,1.815445875E2,2.011943217E2,1.460868795E0,2.382498420E2,6.292975911E-1,4.748651602E0,6.044316161E0,-1.000000000E0
3.979552504E2,6.250125178E1,2.543305529E1,1.816508778E2,2.013006196E2,1.369796890E0,2.353346583E2,6.307299935E-1,4.748651640E0,5.895915874E0,-1.000000000E0
3.989552298E2,6.250124538E1,2.543303108E1,1.814110188E2,2.010607687E2,1.301857986E0,2.361194758E2,6.322212553E-1,4.748651598E0,5.661601075E0,-1.000000000E0
3.999552078E2,6.250123667E1,2.543300899E1,1.812481651E2,2.008979248E2,1.534936438E0,2.329158318E2,"",4.748651580E0,6.074090503E0,-1.000000000E0